"timestamp_ns,pid,event,address,length,pfn"
"9730272196804,15498,munmap,0x76fdd806f000,409600,N/A"
"9730272912914,15498,mmap,0x0,409600,N/A"
"9730273362418,15498,fault,0x76fdd806f000,4096,0x7f3d4"
"9730774190231,15498,munmap,0x76fdd806f000,409600,N/A"
"9730774826308,15498,mmap,0x0,409600,N/A"
"9730775077966,15498,fault,0x76fdd806f000,4096,0xad3a2"
"9731276594391,15498,munmap,0x76fdd806f000,409600,N/A"
"9731277777077,15498,fault,0x76fdd7ea0000,4096,0x95919"
"9731278587365,15498,fault,0x76fdd7f0e090,4096,0x95944"
"9731278860674,15498,fault,0x76fdd80053e8,4096,0x74288"
